n_week_ahead,MSE,MAE
3,7.660194174757281,1.7766990291262137
