n_week_ahead,MSE,MAE
1,5.4423076923076925,1.5384615384615385
