n_week_ahead,MSE,MAE
2,6.163461538461538,1.7019230769230769
