n_week_ahead,MSE,MAE
8,15.759615384615385,2.2788461538461537
