n_week_ahead,MSE,MAE
3,10.067307692307692,1.5288461538461537
