n_week_ahead,MSE,MAE
2,6.5673076923076925,1.2788461538461537
