n_week_ahead,MSE,MAE
4,11.586538461538462,1.6634615384615385
