n_week_ahead,MSE,MAE
1,3.8653846153846154,1.0576923076923077
