n_week_ahead,MSE,MAE
12,41.02884615384615,3.7403846153846154
