n_week_ahead,MSE,MAE
4,31.442307692307693,3.5961538461538463
