n_week_ahead,MSE,MAE
1,15.692307692307692,2.519230769230769
