n_week_ahead,MSE,MAE
2,22.153846153846153,3.1538461538461537
