n_week_ahead,MSE,MAE
3,24.028846153846153,3.144230769230769
