n_week_ahead,MSE,MAE
8,44.13461538461539,3.7115384615384617
