n_week_ahead,MSE,MAE
12,9.14423076923077,2.0673076923076925
