n_week_ahead,MSE,MAE
3,8.576923076923077,1.7884615384615385
