n_week_ahead,MSE,MAE
4,9.39423076923077,1.8942307692307692
