n_week_ahead,MSE,MAE
8,10.278846153846153,2.048076923076923
