n_week_ahead,MSE,MAE
2,9.423076923076923,1.7692307692307692
