n_week_ahead,MSE,MAE
4,9.307692307692308,1.3846153846153846
