n_week_ahead,MSE,MAE
12,11.153846153846153,1.6538461538461537
