n_week_ahead,MSE,MAE
3,9.307692307692308,1.3269230769230769
