n_week_ahead,MSE,MAE
2,9.923076923076923,1.4230769230769231
