n_week_ahead,MSE,MAE
2,16.192307692307693,1.8846153846153846
