n_week_ahead,MSE,MAE
12,22.89423076923077,2.2788461538461537
