n_week_ahead,MSE,MAE
4,20.528846153846153,2.1826923076923075
