n_week_ahead,MSE,MAE
3,18.096153846153847,1.9807692307692308
