n_week_ahead,MSE,MAE
1,11.990384615384615,1.5480769230769231
