n_week_ahead,MSE,MAE
12,4.221153846153846,1.2211538461538463
