n_week_ahead,MSE,MAE
8,4.701923076923077,1.2403846153846154
