n_week_ahead,MSE,MAE
4,2.923076923076923,1.0961538461538463
