n_week_ahead,MSE,MAE
2,2.923076923076923,1.1538461538461537
