n_week_ahead,MSE,MAE
3,2.8365384615384617,1.2019230769230769
