n_week_ahead,MSE,MAE
1,26.423076923076923,2.3846153846153846
