n_week_ahead,MSE,MAE
2,33.11538461538461,2.4615384615384617
