n_week_ahead,MSE,MAE
3,36.96153846153846,2.6346153846153846
