n_week_ahead,MSE,MAE
4,32.96153846153846,2.5384615384615383
