n_week_ahead,MSE,MAE
12,26.71153846153846,2.7115384615384617
