n_week_ahead,MSE,MAE
8,35.93269230769231,3.0865384615384617
