n_week_ahead,MSE,MAE
3,10.663461538461538,2.201923076923077
