n_week_ahead,MSE,MAE
2,8.490384615384615,1.9326923076923077
