n_week_ahead,MSE,MAE
12,13.615384615384615,2.4423076923076925
