n_week_ahead,MSE,MAE
8,17.692307692307693,2.826923076923077
