n_week_ahead,MSE,MAE
1,34.75961538461539,3.4326923076923075
