n_week_ahead,MSE,MAE
12,103.3173076923077,5.990384615384615
