n_week_ahead,MSE,MAE
3,60.51923076923077,4.788461538461538
