n_week_ahead,MSE,MAE
2,43.33653846153846,3.7211538461538463
