n_week_ahead,MSE,MAE
4,68.73076923076923,4.865384615384615
