n_week_ahead,MSE,MAE
8,91.25961538461539,5.3173076923076925
