n_week_ahead,MSE,MAE
2,105.86538461538461,4.384615384615385
