n_week_ahead,MSE,MAE
4,118.71153846153847,4.576923076923077
