n_week_ahead,MSE,MAE
8,95.25961538461539,4.4326923076923075
