n_week_ahead,MSE,MAE
3,103.47115384615384,4.221153846153846
