n_week_ahead,MSE,MAE
12,118.39423076923077,5.028846153846154
