n_week_ahead,MSE,MAE
1,82.54807692307692,3.7596153846153846
