n_week_ahead,MSE,MAE
12,182.18269230769232,6.548076923076923
