n_week_ahead,MSE,MAE
4,120.33653846153847,5.3173076923076925
