n_week_ahead,MSE,MAE
2,82.82692307692308,4.673076923076923
