n_week_ahead,MSE,MAE
3,98.49038461538461,5.048076923076923
