n_week_ahead,MSE,MAE
8,26.057692307692307,2.519230769230769
