n_week_ahead,MSE,MAE
2,18.951923076923077,2.144230769230769
