n_week_ahead,MSE,MAE
3,21.490384615384617,2.3173076923076925
