n_week_ahead,MSE,MAE
12,26.298076923076923,2.5673076923076925
