n_week_ahead,MSE,MAE
12,70.40384615384616,4.596153846153846
