n_week_ahead,MSE,MAE
1,26.48076923076923,2.9615384615384617
