n_week_ahead,MSE,MAE
2,30.548076923076923,3.2211538461538463
