n_week_ahead,MSE,MAE
8,68.65384615384616,4.865384615384615
