n_week_ahead,MSE,MAE
4,47.93269230769231,4.298076923076923
