n_week_ahead,MSE,MAE
4,3.769230769230769,0.9807692307692307
