n_week_ahead,MSE,MAE
8,5.1923076923076925,1.1346153846153846
