n_week_ahead,MSE,MAE
1,2.6634615384615383,0.8557692307692307
