n_week_ahead,MSE,MAE
3,3.4711538461538463,0.9326923076923077
