n_week_ahead,MSE,MAE
12,4.538461538461538,1.1538461538461537
