n_week_ahead,MSE,MAE
2,2.7788461538461537,0.8173076923076923
