n_week_ahead,MSE,MAE
8,33.31730769230769,3.4134615384615383
