n_week_ahead,MSE,MAE
1,12.057692307692308,2.076923076923077
