n_week_ahead,MSE,MAE
4,23.557692307692307,3.0576923076923075
