n_week_ahead,MSE,MAE
3,19.259615384615383,2.951923076923077
