n_week_ahead,MSE,MAE
3,18.384615384615383,2.673076923076923
