n_week_ahead,MSE,MAE
12,42.17307692307692,3.9615384615384617
