n_week_ahead,MSE,MAE
1,14.23076923076923,2.4423076923076925
