n_week_ahead,MSE,MAE
8,42.35576923076923,3.6826923076923075
