n_week_ahead,MSE,MAE
4,26.951923076923077,3.105769230769231
