n_week_ahead,MSE,MAE
8,104.39423076923077,6.278846153846154
