n_week_ahead,MSE,MAE
1,19.259615384615383,2.144230769230769
