n_week_ahead,MSE,MAE
12,36.45192307692308,4.163461538461538
