n_week_ahead,MSE,MAE
2,36.77884615384615,3.048076923076923
