n_week_ahead,MSE,MAE
3,96.1826923076923,4.471153846153846
