n_week_ahead,MSE,MAE
1,32.18269230769231,2.605769230769231
