n_week_ahead,MSE,MAE
3,42.66346153846154,2.951923076923077
