n_week_ahead,MSE,MAE
4,50.77884615384615,3.4326923076923075
