n_week_ahead,MSE,MAE
12,45.24038461538461,3.105769230769231
