n_week_ahead,MSE,MAE
2,37.57692307692308,2.6923076923076925
