n_week_ahead,MSE,MAE
12,51.30769230769231,4.4423076923076925
