n_week_ahead,MSE,MAE
1,31.528846153846153,2.605769230769231
