n_week_ahead,MSE,MAE
3,40.93269230769231,2.798076923076923
