n_week_ahead,MSE,MAE
2,41.22115384615385,2.7596153846153846
