n_week_ahead,MSE,MAE
4,46.21153846153846,3.0961538461538463
