n_week_ahead,MSE,MAE
2,10.211538461538462,1.2692307692307692
