n_week_ahead,MSE,MAE
4,13.557692307692308,1.4423076923076923
