n_week_ahead,MSE,MAE
8,12.259615384615385,1.5865384615384615
