n_week_ahead,MSE,MAE
12,11.336538461538462,1.5288461538461537
