n_week_ahead,MSE,MAE
1,8.836538461538462,1.1634615384615385
