n_week_ahead,MSE,MAE
3,11.759615384615385,1.3173076923076923
