n_week_ahead,MSE,MAE
1,8.01923076923077,1.6923076923076923
