n_week_ahead,MSE,MAE
4,11.538461538461538,1.8846153846153846
