n_week_ahead,MSE,MAE
12,22.057692307692307,2.6153846153846154
