n_week_ahead,MSE,MAE
3,11.35576923076923,1.9903846153846154
