n_week_ahead,MSE,MAE
8,17.115384615384617,2.1153846153846154
