n_week_ahead,MSE,MAE
2,24.64423076923077,2.7403846153846154
