n_week_ahead,MSE,MAE
3,33.01923076923077,3.3461538461538463
