n_week_ahead,MSE,MAE
1,20.58653846153846,2.4326923076923075
