n_week_ahead,MSE,MAE
4,37.11538461538461,3.230769230769231
