n_week_ahead,MSE,MAE
12,61.04807692307692,4.740384615384615
