n_week_ahead,MSE,MAE
8,61.70192307692308,4.3173076923076925
