n_week_ahead,MSE,MAE
3,6.673076923076923,1.3269230769230769
