n_week_ahead,MSE,MAE
4,8.173076923076923,1.5192307692307692
