n_week_ahead,MSE,MAE
1,2.923076923076923,0.8461538461538461
