n_week_ahead,MSE,MAE
2,4.221153846153846,1.1442307692307692
