n_week_ahead,MSE,MAE
8,7.4326923076923075,1.5865384615384615
