n_week_ahead,MSE,MAE
3,529.5192307692307,13.673076923076923
