n_week_ahead,MSE,MAE
1,340.6826923076923,9.509615384615385
