n_week_ahead,MSE,MAE
4,676.3173076923077,14.85576923076923
