n_week_ahead,MSE,MAE
2,488.3173076923077,12.836538461538462
