n_week_ahead,MSE,MAE
12,9.509615384615385,2.394230769230769
