n_week_ahead,MSE,MAE
2,8.778846153846153,2.0096153846153846
