n_week_ahead,MSE,MAE
4,9.653846153846153,2.2115384615384617
