n_week_ahead,MSE,MAE
8,9.778846153846153,2.1634615384615383
