n_week_ahead,MSE,MAE
8,42.36538461538461,3.3653846153846154
