n_week_ahead,MSE,MAE
4,28.346153846153847,2.9038461538461537
