n_week_ahead,MSE,MAE
12,45.15384615384615,3.576923076923077
