n_week_ahead,MSE,MAE
2,14.596153846153847,2.2115384615384617
