n_week_ahead,MSE,MAE
1,12.951923076923077,1.9711538461538463
