n_week_ahead,MSE,MAE
2,53.28846153846154,3.4615384615384617
