n_week_ahead,MSE,MAE
1,22.759615384615383,2.5673076923076925
