n_week_ahead,MSE,MAE
8,88.42307692307692,4.711538461538462
