n_week_ahead,MSE,MAE
3,49.58653846153846,3.3173076923076925
