n_week_ahead,MSE,MAE
4,57.71153846153846,3.576923076923077
