n_week_ahead,MSE,MAE
8,28.08653846153846,2.894230769230769
