n_week_ahead,MSE,MAE
12,29.057692307692307,3.0384615384615383
