n_week_ahead,MSE,MAE
1,9.317307692307692,1.6057692307692308
