n_week_ahead,MSE,MAE
3,17.182692307692307,2.0288461538461537
