n_week_ahead,MSE,MAE
4,19.23076923076923,2.326923076923077
