n_week_ahead,MSE,MAE
3,158.72115384615384,5.048076923076923
