n_week_ahead,MSE,MAE
1,57.59615384615385,3.576923076923077
