n_week_ahead,MSE,MAE
8,273.63461538461536,6.615384615384615
