n_week_ahead,MSE,MAE
2,122.4326923076923,4.355769230769231
