n_week_ahead,MSE,MAE
4,224.3653846153846,5.711538461538462
