n_week_ahead,MSE,MAE
12,295.91346153846155,7.240384615384615
