n_week_ahead,MSE,MAE
1,16.826923076923077,1.8653846153846154
