n_week_ahead,MSE,MAE
2,15.134615384615385,2.0384615384615383
