n_week_ahead,MSE,MAE
12,41.76923076923077,3.3461538461538463
