n_week_ahead,MSE,MAE
8,39.27884615384615,3.0673076923076925
