n_week_ahead,MSE,MAE
4,17.846153846153847,2.1923076923076925
