n_week_ahead,MSE,MAE
3,21.451923076923077,2.3173076923076925
