n_week_ahead,MSE,MAE
3,14.961538461538462,2.269230769230769
