n_week_ahead,MSE,MAE
4,18.240384615384617,2.6634615384615383
