n_week_ahead,MSE,MAE
12,45.82692307692308,4.730769230769231
