n_week_ahead,MSE,MAE
8,35.88461538461539,3.9038461538461537
