n_week_ahead,MSE,MAE
1,8.10576923076923,1.7980769230769231
