n_week_ahead,MSE,MAE
12,2.2884615384615383,0.9615384615384616
