n_week_ahead,MSE,MAE
3,2.3653846153846154,0.9423076923076923
