n_week_ahead,MSE,MAE
8,2.173076923076923,0.8653846153846154
