n_week_ahead,MSE,MAE
1,2.230769230769231,0.9423076923076923
