n_week_ahead,MSE,MAE
4,2.0865384615384617,0.8365384615384616
