n_week_ahead,MSE,MAE
2,142.67307692307693,5.211538461538462
