n_week_ahead,MSE,MAE
8,72.50961538461539,4.413461538461538
