n_week_ahead,MSE,MAE
3,202.29807692307693,6.3173076923076925
