n_week_ahead,MSE,MAE
12,120.0673076923077,5.355769230769231
