n_week_ahead,MSE,MAE
4,291.5480769230769,7.778846153846154
