n_week_ahead,MSE,MAE
1,55.21153846153846,3.3846153846153846
