n_week_ahead,MSE,MAE
1,4.336538461538462,1.4519230769230769
