n_week_ahead,MSE,MAE
4,6.653846153846154,1.9230769230769231
