n_week_ahead,MSE,MAE
8,6.740384615384615,1.8942307692307692
