n_week_ahead,MSE,MAE
3,5.548076923076923,1.7980769230769231
