n_week_ahead,MSE,MAE
2,5.3076923076923075,1.6538461538461537
