n_week_ahead,MSE,MAE
2,4.278846153846154,1.1826923076923077
