n_week_ahead,MSE,MAE
8,18.509615384615383,2.2596153846153846
