n_week_ahead,MSE,MAE
3,17.778846153846153,1.9134615384615385
