n_week_ahead,MSE,MAE
4,18.798076923076923,2.1826923076923075
