n_week_ahead,MSE,MAE
12,10.461538461538462,2.326923076923077
