n_week_ahead,MSE,MAE
8,9.990384615384615,2.105769230769231
