n_week_ahead,MSE,MAE
3,6.288461538461538,1.6153846153846154
