n_week_ahead,MSE,MAE
2,55.83653846153846,3.4326923076923075
