n_week_ahead,MSE,MAE
3,60.71153846153846,3.5961538461538463
