n_week_ahead,MSE,MAE
4,74.20192307692308,4.163461538461538
