n_week_ahead,MSE,MAE
1,42.60576923076923,2.9134615384615383
