n_week_ahead,MSE,MAE
12,111.74038461538461,5.048076923076923
