n_week_ahead,MSE,MAE
8,104.71153846153847,4.461538461538462
