n_week_ahead,MSE,MAE
1,44.77884615384615,3.3173076923076925
