n_week_ahead,MSE,MAE
12,303.24038461538464,9.240384615384615
