n_week_ahead,MSE,MAE
4,160.94230769230768,6.115384615384615
