n_week_ahead,MSE,MAE
2,81.22115384615384,4.663461538461538
