n_week_ahead,MSE,MAE
3,119.1826923076923,5.394230769230769
