n_week_ahead,MSE,MAE
8,239.03846153846155,8.23076923076923
