n_week_ahead,MSE,MAE
8,46.43269230769231,4.798076923076923
