n_week_ahead,MSE,MAE
4,26.53846153846154,3.1538461538461537
