n_week_ahead,MSE,MAE
12,48.24038461538461,5.1826923076923075
