n_week_ahead,MSE,MAE
1,12.913461538461538,2.0288461538461537
