n_week_ahead,MSE,MAE
3,23.028846153846153,2.7403846153846154
