n_week_ahead,MSE,MAE
3,19.634615384615383,2.519230769230769
