n_week_ahead,MSE,MAE
12,46.41346153846154,3.605769230769231
