n_week_ahead,MSE,MAE
4,26.58653846153846,2.701923076923077
