n_week_ahead,MSE,MAE
2,14.057692307692308,2.1923076923076925
