n_week_ahead,MSE,MAE
2,49.10576923076923,3.6634615384615383
