n_week_ahead,MSE,MAE
3,57.21153846153846,3.8846153846153846
