n_week_ahead,MSE,MAE
8,91.25961538461539,4.5673076923076925
