n_week_ahead,MSE,MAE
12,101.49038461538461,5.0673076923076925
