n_week_ahead,MSE,MAE
1,45.95192307692308,3.201923076923077
