n_week_ahead,MSE,MAE
2,4.6826923076923075,1.3557692307692308
