n_week_ahead,MSE,MAE
3,5.201923076923077,1.3557692307692308
