n_week_ahead,MSE,MAE
1,4.0576923076923075,1.1923076923076923
