n_week_ahead,MSE,MAE
12,10.240384615384615,1.9326923076923077
