n_week_ahead,MSE,MAE
4,5.980769230769231,1.4230769230769231
