n_week_ahead,MSE,MAE
3,68.75961538461539,4.3173076923076925
