n_week_ahead,MSE,MAE
2,31.403846153846153,3.0576923076923075
