n_week_ahead,MSE,MAE
1,26.057692307692307,2.576923076923077
