n_week_ahead,MSE,MAE
8,77.60576923076923,4.894230769230769
