n_week_ahead,MSE,MAE
12,72.00961538461539,4.913461538461538
