n_week_ahead,MSE,MAE
4,71.61538461538461,4.4423076923076925
