n_week_ahead,MSE,MAE
2,31.490384615384617,2.4326923076923075
