n_week_ahead,MSE,MAE
3,42.26923076923077,2.9038461538461537
