n_week_ahead,MSE,MAE
1,21.826923076923077,2.2115384615384617
