n_week_ahead,MSE,MAE
12,52.69230769230769,3.423076923076923
