n_week_ahead,MSE,MAE
8,60.09615384615385,3.4615384615384617
