n_week_ahead,MSE,MAE
4,47.55769230769231,3.173076923076923
