n_week_ahead,MSE,MAE
3,101.6923076923077,4.673076923076923
