n_week_ahead,MSE,MAE
12,115.75961538461539,5.0673076923076925
