n_week_ahead,MSE,MAE
2,86.32692307692308,4.038461538461538
