n_week_ahead,MSE,MAE
1,55.03846153846154,2.9423076923076925
