n_week_ahead,MSE,MAE
4,76.09615384615384,4.538461538461538
