n_week_ahead,MSE,MAE
3,31.009615384615383,2.605769230769231
