n_week_ahead,MSE,MAE
2,18.990384615384617,2.144230769230769
