n_week_ahead,MSE,MAE
12,23.759615384615383,3.0096153846153846
