n_week_ahead,MSE,MAE
8,39.41346153846154,3.5673076923076925
