n_week_ahead,MSE,MAE
4,36.03846153846154,3.0384615384615383
