n_week_ahead,MSE,MAE
12,31.615384615384617,3.173076923076923
