n_week_ahead,MSE,MAE
1,23.96153846153846,2.4423076923076925
