n_week_ahead,MSE,MAE
3,37.58653846153846,2.798076923076923
