n_week_ahead,MSE,MAE
4,36.97115384615385,2.9711538461538463
