n_week_ahead,MSE,MAE
1,22.403846153846153,2.3461538461538463
