n_week_ahead,MSE,MAE
4,27.71153846153846,2.923076923076923
