n_week_ahead,MSE,MAE
2,40.22115384615385,3.1634615384615383
