n_week_ahead,MSE,MAE
8,52.96153846153846,3.673076923076923
