n_week_ahead,MSE,MAE
3,34.58653846153846,3.0865384615384617
