n_week_ahead,MSE,MAE
4,11.817307692307692,2.298076923076923
