n_week_ahead,MSE,MAE
3,10.153846153846153,2.0961538461538463
