n_week_ahead,MSE,MAE
12,44.30769230769231,5.1923076923076925
