n_week_ahead,MSE,MAE
2,7.461538461538462,1.8076923076923077
