n_week_ahead,MSE,MAE
1,4.4423076923076925,1.5576923076923077
