n_week_ahead,MSE,MAE
8,23.846153846153847,3.1538461538461537
