n_week_ahead,MSE,MAE
1,32.03846153846154,2.173076923076923
