n_week_ahead,MSE,MAE
4,42.17307692307692,2.4615384615384617
