n_week_ahead,MSE,MAE
3,38.86538461538461,2.4423076923076925
