n_week_ahead,MSE,MAE
2,35.42307692307692,2.269230769230769
