n_week_ahead,MSE,MAE
1,5.951923076923077,1.2019230769230769
