n_week_ahead,MSE,MAE
8,17.067307692307693,2.3173076923076925
