n_week_ahead,MSE,MAE
4,8.288461538461538,1.6923076923076923
