n_week_ahead,MSE,MAE
2,6.471153846153846,1.3557692307692308
