n_week_ahead,MSE,MAE
3,9.403846153846153,1.5192307692307692
