n_week_ahead,MSE,MAE
1,7.298076923076923,1.6826923076923077
