n_week_ahead,MSE,MAE
12,21.701923076923077,2.3365384615384617
