n_week_ahead,MSE,MAE
8,18.41346153846154,2.548076923076923
