n_week_ahead,MSE,MAE
4,11.903846153846153,2.1346153846153846
