n_week_ahead,MSE,MAE
3,11.173076923076923,2.019230769230769
