n_week_ahead,MSE,MAE
2,8.365384615384615,1.8076923076923077
