n_week_ahead,MSE,MAE
1,52.89423076923077,3.3365384615384617
