n_week_ahead,MSE,MAE
4,58.10576923076923,3.451923076923077
