n_week_ahead,MSE,MAE
2,40.97115384615385,3.2211538461538463
