n_week_ahead,MSE,MAE
3,72.3173076923077,3.894230769230769
