n_week_ahead,MSE,MAE
12,98.89423076923077,4.4326923076923075
