n_week_ahead,MSE,MAE
8,94.99038461538461,4.5673076923076925
