n_week_ahead,MSE,MAE
12,11.89423076923077,2.144230769230769
