n_week_ahead,MSE,MAE
2,11.509615384615385,1.8942307692307692
