n_week_ahead,MSE,MAE
8,11.711538461538462,2.1538461538461537
