n_week_ahead,MSE,MAE
1,8.903846153846153,1.7692307692307692
