n_week_ahead,MSE,MAE
4,13.509615384615385,2.1826923076923075
