n_week_ahead,MSE,MAE
4,20.951923076923077,2.605769230769231
