n_week_ahead,MSE,MAE
2,18.346153846153847,2.173076923076923
