n_week_ahead,MSE,MAE
8,31.173076923076923,3.1923076923076925
