n_week_ahead,MSE,MAE
3,17.14423076923077,2.2403846153846154
