n_week_ahead,MSE,MAE
1,10.711538461538462,1.7884615384615385
