n_week_ahead,MSE,MAE
12,27.91346153846154,3.2788461538461537
