n_week_ahead,MSE,MAE
1,292.27884615384613,9.701923076923077
