n_week_ahead,MSE,MAE
3,943.8173076923077,15.60576923076923
