n_week_ahead,MSE,MAE
8,2229.096153846154,22.615384615384617
