n_week_ahead,MSE,MAE
12,2442.9423076923076,25.653846153846153
