n_week_ahead,MSE,MAE
2,6.836538461538462,1.3365384615384615
