n_week_ahead,MSE,MAE
3,7.788461538461538,1.5384615384615385
