n_week_ahead,MSE,MAE
1,4.3076923076923075,1.2307692307692308
