n_week_ahead,MSE,MAE
8,9.557692307692308,1.7307692307692308
