n_week_ahead,MSE,MAE
4,8.576923076923077,1.5384615384615385
