n_week_ahead,MSE,MAE
12,10.586538461538462,1.7596153846153846
