n_week_ahead,MSE,MAE
2,9.951923076923077,2.0288461538461537
