n_week_ahead,MSE,MAE
4,12.086538461538462,2.0673076923076925
