n_week_ahead,MSE,MAE
8,16.16346153846154,2.7211538461538463
