n_week_ahead,MSE,MAE
12,13.307692307692308,2.5961538461538463
