n_week_ahead,MSE,MAE
3,10.009615384615385,2.048076923076923
