n_week_ahead,MSE,MAE
1,7.788461538461538,1.5769230769230769
