n_week_ahead,MSE,MAE
2,19.53846153846154,2.0961538461538463
