n_week_ahead,MSE,MAE
1,21.153846153846153,2.1346153846153846
