n_week_ahead,MSE,MAE
8,37.78846153846154,3.1153846153846154
