n_week_ahead,MSE,MAE
4,27.307692307692307,2.3461538461538463
