n_week_ahead,MSE,MAE
12,38.42307692307692,2.9615384615384617
