n_week_ahead,MSE,MAE
3,21.192307692307693,2.019230769230769
