n_week_ahead,MSE,MAE
4,85.48076923076923,4.096153846153846
