n_week_ahead,MSE,MAE
8,92.4423076923077,4.769230769230769
