n_week_ahead,MSE,MAE
12,107.72115384615384,5.163461538461538
