n_week_ahead,MSE,MAE
1,53.05769230769231,3.3461538461538463
