n_week_ahead,MSE,MAE
4,12.096153846153847,2.019230769230769
