n_week_ahead,MSE,MAE
2,13.134615384615385,2.1153846153846154
