n_week_ahead,MSE,MAE
8,15.586538461538462,2.355769230769231
