n_week_ahead,MSE,MAE
1,11.086538461538462,2.0288461538461537
