n_week_ahead,MSE,MAE
3,12.115384615384615,2.0576923076923075
