n_week_ahead,MSE,MAE
12,12.26923076923077,2.1153846153846154
