n_week_ahead,MSE,MAE
8,26.567307692307693,2.7403846153846154
