n_week_ahead,MSE,MAE
4,19.403846153846153,2.2115384615384617
