n_week_ahead,MSE,MAE
12,22.432692307692307,2.644230769230769
