n_week_ahead,MSE,MAE
2,12.576923076923077,1.8461538461538463
