n_week_ahead,MSE,MAE
1,10.721153846153847,1.5865384615384615
