n_week_ahead,MSE,MAE
4,4.634615384615385,1.3846153846153846
