n_week_ahead,MSE,MAE
8,4.6923076923076925,1.2884615384615385
