n_week_ahead,MSE,MAE
3,3.8365384615384617,1.2403846153846154
