n_week_ahead,MSE,MAE
1,2.519230769230769,0.8846153846153846
