n_week_ahead,MSE,MAE
2,3.5384615384615383,1.1346153846153846
