n_week_ahead,MSE,MAE
2,11.153846153846153,2.2884615384615383
