n_week_ahead,MSE,MAE
1,10.278846153846153,2.105769230769231
