n_week_ahead,MSE,MAE
3,11.701923076923077,2.355769230769231
