n_week_ahead,MSE,MAE
4,12.932692307692308,2.4134615384615383
