n_week_ahead,MSE,MAE
12,17.759615384615383,2.451923076923077
