n_week_ahead,MSE,MAE
2,13.903846153846153,1.7884615384615385
