n_week_ahead,MSE,MAE
12,22.990384615384617,2.644230769230769
