n_week_ahead,MSE,MAE
3,18.96153846153846,2.1153846153846154
