n_week_ahead,MSE,MAE
8,137.1153846153846,6.673076923076923
