n_week_ahead,MSE,MAE
4,84.25961538461539,5.778846153846154
