n_week_ahead,MSE,MAE
2,38.88461538461539,3.923076923076923
