n_week_ahead,MSE,MAE
12,103.42307692307692,6.769230769230769
