n_week_ahead,MSE,MAE
3,61.40384615384615,4.923076923076923
