n_week_ahead,MSE,MAE
1,29.278846153846153,3.2211538461538463
