n_week_ahead,MSE,MAE
8,12.653846153846153,2.1923076923076925
