n_week_ahead,MSE,MAE
2,8.548076923076923,1.9519230769230769
