n_week_ahead,MSE,MAE
1,9.259615384615385,1.9903846153846154
