n_week_ahead,MSE,MAE
3,10.615384615384615,2.076923076923077
