n_week_ahead,MSE,MAE
3,45.01923076923077,2.576923076923077
