n_week_ahead,MSE,MAE
12,47.96153846153846,2.6153846153846154
