n_week_ahead,MSE,MAE
8,49.17307692307692,2.730769230769231
