n_week_ahead,MSE,MAE
4,48.17307692307692,2.5961538461538463
