n_week_ahead,MSE,MAE
2,42.49038461538461,2.4903846153846154
