n_week_ahead,MSE,MAE
1,27.509615384615383,2.2403846153846154
