n_week_ahead,MSE,MAE
1,52.14423076923077,3.048076923076923
