n_week_ahead,MSE,MAE
4,119.39423076923077,5.009615384615385
