n_week_ahead,MSE,MAE
12,56.33653846153846,4.413461538461538
