n_week_ahead,MSE,MAE
2,48.10576923076923,3.2596153846153846
