n_week_ahead,MSE,MAE
8,127.33653846153847,5.701923076923077
