n_week_ahead,MSE,MAE
3,99.58653846153847,4.336538461538462
