n_week_ahead,MSE,MAE
3,28.596153846153847,2.8076923076923075
