n_week_ahead,MSE,MAE
1,21.58653846153846,2.644230769230769
