n_week_ahead,MSE,MAE
12,44.60576923076923,3.2596153846153846
