n_week_ahead,MSE,MAE
8,43.10576923076923,3.5673076923076925
