n_week_ahead,MSE,MAE
4,32.67307692307692,3.019230769230769
