n_week_ahead,MSE,MAE
4,21.64423076923077,1.8365384615384615
