n_week_ahead,MSE,MAE
1,14.634615384615385,1.5769230769230769
