n_week_ahead,MSE,MAE
2,16.71153846153846,1.5769230769230769
