n_week_ahead,MSE,MAE
8,26.778846153846153,2.3173076923076925
