n_week_ahead,MSE,MAE
3,21.567307692307693,1.9711538461538463
