n_week_ahead,MSE,MAE
1,7.115384615384615,1.5192307692307692
