n_week_ahead,MSE,MAE
8,12.346153846153847,1.9038461538461537
