n_week_ahead,MSE,MAE
4,10.932692307692308,1.7403846153846154
