n_week_ahead,MSE,MAE
3,10.23076923076923,1.7884615384615385
