n_week_ahead,MSE,MAE
2,8.701923076923077,1.6634615384615385
