n_week_ahead,MSE,MAE
2,15.826923076923077,2.1346153846153846
