n_week_ahead,MSE,MAE
12,25.865384615384617,3.423076923076923
