n_week_ahead,MSE,MAE
3,26.10576923076923,2.8173076923076925
