n_week_ahead,MSE,MAE
8,32.08653846153846,3.644230769230769
