n_week_ahead,MSE,MAE
8,4.923076923076923,1.4807692307692308
