n_week_ahead,MSE,MAE
3,3.9423076923076925,1.3076923076923077
