n_week_ahead,MSE,MAE
2,4.6923076923076925,1.3461538461538463
