n_week_ahead,MSE,MAE
4,5.221153846153846,1.4711538461538463
