n_week_ahead,MSE,MAE
1,4.259615384615385,1.3173076923076923
