n_week_ahead,MSE,MAE
4,7.701923076923077,1.3942307692307692
