n_week_ahead,MSE,MAE
8,10.509615384615385,1.7980769230769231
