n_week_ahead,MSE,MAE
3,13.89423076923077,1.6057692307692308
