n_week_ahead,MSE,MAE
1,8.096153846153847,1.4038461538461537
