n_week_ahead,MSE,MAE
12,10.326923076923077,1.9230769230769231
