n_week_ahead,MSE,MAE
4,58.93269230769231,4.048076923076923
