n_week_ahead,MSE,MAE
8,87.5576923076923,4.538461538461538
