n_week_ahead,MSE,MAE
1,35.71153846153846,3.2115384615384617
