n_week_ahead,MSE,MAE
2,40.04807692307692,3.201923076923077
