n_week_ahead,MSE,MAE
3,47.17307692307692,3.7884615384615383
