n_week_ahead,MSE,MAE
12,94.32692307692308,4.326923076923077
