n_week_ahead,MSE,MAE
2,26.826923076923077,2.4038461538461537
