n_week_ahead,MSE,MAE
3,33.29807692307692,2.5673076923076925
