n_week_ahead,MSE,MAE
8,46.21153846153846,3.0384615384615383
