n_week_ahead,MSE,MAE
1,23.384615384615383,2.1346153846153846
