n_week_ahead,MSE,MAE
4,38.44230769230769,2.730769230769231
