n_week_ahead,MSE,MAE
8,196.8653846153846,7.884615384615385
