n_week_ahead,MSE,MAE
3,129.66346153846155,5.278846153846154
