n_week_ahead,MSE,MAE
12,68.0576923076923,4.923076923076923
