n_week_ahead,MSE,MAE
1,16.576923076923077,2.269230769230769
