n_week_ahead,MSE,MAE
4,163.0096153846154,6.528846153846154
