n_week_ahead,MSE,MAE
2,57.68269230769231,3.7403846153846154
