n_week_ahead,MSE,MAE
8,80.52884615384616,4.3173076923076925
