n_week_ahead,MSE,MAE
2,65.3173076923077,4.028846153846154
