n_week_ahead,MSE,MAE
12,86.29807692307692,4.721153846153846
