n_week_ahead,MSE,MAE
4,88.73076923076923,4.596153846153846
