n_week_ahead,MSE,MAE
1,27.10576923076923,2.798076923076923
