n_week_ahead,MSE,MAE
3,11.403846153846153,1.3076923076923077
