n_week_ahead,MSE,MAE
2,9.35576923076923,1.1442307692307692
