n_week_ahead,MSE,MAE
8,2.9326923076923075,1.0096153846153846
