n_week_ahead,MSE,MAE
4,5.201923076923077,1.0673076923076923
