n_week_ahead,MSE,MAE
12,2.9903846153846154,0.9326923076923077
