n_week_ahead,MSE,MAE
12,33.18269230769231,3.605769230769231
