n_week_ahead,MSE,MAE
3,22.009615384615383,2.9134615384615383
