n_week_ahead,MSE,MAE
1,13.057692307692308,2.1153846153846154
