n_week_ahead,MSE,MAE
2,17.153846153846153,2.519230769230769
