n_week_ahead,MSE,MAE
4,25.96153846153846,3.019230769230769
