n_week_ahead,MSE,MAE
8,28.865384615384617,2.673076923076923
