n_week_ahead,MSE,MAE
1,14.548076923076923,1.8557692307692308
