n_week_ahead,MSE,MAE
4,19.076923076923077,2.019230769230769
