n_week_ahead,MSE,MAE
12,20.673076923076923,2.6153846153846154
