n_week_ahead,MSE,MAE
3,13.182692307692308,1.7788461538461537
