n_week_ahead,MSE,MAE
1,48.27884615384615,3.355769230769231
