n_week_ahead,MSE,MAE
2,38.59615384615385,3.4615384615384617
