n_week_ahead,MSE,MAE
4,58.73076923076923,4.076923076923077
