n_week_ahead,MSE,MAE
12,102.41346153846153,5.298076923076923
