n_week_ahead,MSE,MAE
3,56.56730769230769,3.8173076923076925
