n_week_ahead,MSE,MAE
8,99.79807692307692,5.163461538461538
