n_week_ahead,MSE,MAE
8,10.788461538461538,1.6346153846153846
