n_week_ahead,MSE,MAE
4,11.413461538461538,1.4903846153846154
