n_week_ahead,MSE,MAE
1,9.807692307692308,1.3461538461538463
