n_week_ahead,MSE,MAE
12,10.221153846153847,1.5288461538461537
