n_week_ahead,MSE,MAE
3,10.711538461538462,1.3461538461538463
