n_week_ahead,MSE,MAE
4,13.89423076923077,2.5673076923076925
