n_week_ahead,MSE,MAE
8,17.490384615384617,2.7596153846153846
