n_week_ahead,MSE,MAE
12,16.576923076923077,2.3846153846153846
