n_week_ahead,MSE,MAE
1,8.817307692307692,2.0288461538461537
