n_week_ahead,MSE,MAE
3,11.778846153846153,2.4134615384615383
