n_week_ahead,MSE,MAE
8,30.432692307692307,2.5673076923076925
