n_week_ahead,MSE,MAE
2,18.615384615384617,1.9423076923076923
