n_week_ahead,MSE,MAE
4,21.192307692307693,2.1923076923076925
