n_week_ahead,MSE,MAE
3,17.942307692307693,1.8076923076923077
