n_week_ahead,MSE,MAE
12,30.692307692307693,2.6923076923076925
