n_week_ahead,MSE,MAE
1,9.836538461538462,1.8365384615384615
