n_week_ahead,MSE,MAE
12,91.52884615384616,5.894230769230769
