n_week_ahead,MSE,MAE
4,46.88461538461539,4.211538461538462
