n_week_ahead,MSE,MAE
2,17.740384615384617,2.2403846153846154
