n_week_ahead,MSE,MAE
8,115.34615384615384,5.884615384615385
