n_week_ahead,MSE,MAE
3,32.04807692307692,3.144230769230769
