n_week_ahead,MSE,MAE
12,43.11538461538461,2.4038461538461537
