n_week_ahead,MSE,MAE
3,30.567307692307693,2.3365384615384617
