n_week_ahead,MSE,MAE
2,29.096153846153847,2.269230769230769
