n_week_ahead,MSE,MAE
1,30.048076923076923,2.2596153846153846
