n_week_ahead,MSE,MAE
4,39.06730769230769,2.3365384615384617
