n_week_ahead,MSE,MAE
8,41.88461538461539,2.230769230769231
