n_week_ahead,MSE,MAE
12,51.54807692307692,2.9711538461538463
