n_week_ahead,MSE,MAE
1,44.07692307692308,2.5384615384615383
