n_week_ahead,MSE,MAE
2,45.97115384615385,2.5096153846153846
