n_week_ahead,MSE,MAE
3,58.35576923076923,2.951923076923077
