n_week_ahead,MSE,MAE
8,51.80769230769231,2.980769230769231
