n_week_ahead,MSE,MAE
4,54.98076923076923,2.826923076923077
