n_week_ahead,MSE,MAE
8,11.788461538461538,1.9038461538461537
