n_week_ahead,MSE,MAE
1,5.8173076923076925,1.4134615384615385
