n_week_ahead,MSE,MAE
2,7.519230769230769,1.6346153846153846
