n_week_ahead,MSE,MAE
12,11.836538461538462,2.048076923076923
