n_week_ahead,MSE,MAE
8,4.576923076923077,0.9615384615384616
