n_week_ahead,MSE,MAE
1,4.144230769230769,0.7211538461538461
