n_week_ahead,MSE,MAE
4,4.8076923076923075,0.9230769230769231
