n_week_ahead,MSE,MAE
3,4.173076923076923,0.8461538461538461
