n_week_ahead,MSE,MAE
12,4.740384615384615,1.2596153846153846
