n_week_ahead,MSE,MAE
2,4.259615384615385,0.7788461538461539
