n_week_ahead,MSE,MAE
1,7.384615384615385,1.5192307692307692
