n_week_ahead,MSE,MAE
12,9.51923076923077,1.9423076923076923
