n_week_ahead,MSE,MAE
2,8.384615384615385,1.6538461538461537
