n_week_ahead,MSE,MAE
8,9.086538461538462,1.6826923076923077
