n_week_ahead,MSE,MAE
3,8.057692307692308,1.5961538461538463
