n_week_ahead,MSE,MAE
4,7.6826923076923075,1.5096153846153846
