n_week_ahead,MSE,MAE
1,4.394230769230769,1.4519230769230769
