n_week_ahead,MSE,MAE
12,23.14423076923077,2.894230769230769
