n_week_ahead,MSE,MAE
8,10.403846153846153,2.076923076923077
