n_week_ahead,MSE,MAE
12,24.41346153846154,2.548076923076923
