n_week_ahead,MSE,MAE
8,22.73076923076923,2.519230769230769
