n_week_ahead,MSE,MAE
3,16.682692307692307,2.2403846153846154
