n_week_ahead,MSE,MAE
1,13.85576923076923,1.9134615384615385
