n_week_ahead,MSE,MAE
8,110.82692307692308,4.730769230769231
