n_week_ahead,MSE,MAE
1,59.04807692307692,3.3365384615384617
