n_week_ahead,MSE,MAE
12,63.83653846153846,4.451923076923077
