n_week_ahead,MSE,MAE
3,100.03846153846153,4.173076923076923
