n_week_ahead,MSE,MAE
2,39.32692307692308,2.9038461538461537
