n_week_ahead,MSE,MAE
4,120.16346153846153,4.1826923076923075
