n_week_ahead,MSE,MAE
1,16.71153846153846,2.230769230769231
