n_week_ahead,MSE,MAE
3,27.53846153846154,2.9423076923076925
