n_week_ahead,MSE,MAE
12,54.22115384615385,4.298076923076923
