n_week_ahead,MSE,MAE
8,51.28846153846154,4.115384615384615
