n_week_ahead,MSE,MAE
2,19.240384615384617,2.548076923076923
