n_week_ahead,MSE,MAE
4,36.93269230769231,3.1826923076923075
