n_week_ahead,MSE,MAE
3,61.19230769230769,3.673076923076923
