n_week_ahead,MSE,MAE
4,84.98076923076923,4.153846153846154
