n_week_ahead,MSE,MAE
2,59.56730769230769,3.605769230769231
