n_week_ahead,MSE,MAE
1,41.68269230769231,3.2403846153846154
