n_week_ahead,MSE,MAE
12,111.3076923076923,5.596153846153846
