n_week_ahead,MSE,MAE
12,110.15384615384616,4.980769230769231
