n_week_ahead,MSE,MAE
4,84.17307692307692,4.384615384615385
