n_week_ahead,MSE,MAE
2,50.80769230769231,3.4423076923076925
