n_week_ahead,MSE,MAE
1,69.95192307692308,4.028846153846154
