n_week_ahead,MSE,MAE
8,101.28846153846153,4.423076923076923
