n_week_ahead,MSE,MAE
3,46.61538461538461,3.6538461538461537
