n_week_ahead,MSE,MAE
1,28.39423076923077,3.048076923076923
