n_week_ahead,MSE,MAE
2,53.29807692307692,3.8173076923076925
