n_week_ahead,MSE,MAE
12,174.04807692307693,6.163461538461538
