n_week_ahead,MSE,MAE
8,57.09615384615385,3.9038461538461537
