n_week_ahead,MSE,MAE
12,51.91346153846154,3.8365384615384617
