n_week_ahead,MSE,MAE
2,25.846153846153847,2.7884615384615383
