n_week_ahead,MSE,MAE
1,5.576923076923077,1.0576923076923077
