n_week_ahead,MSE,MAE
4,12.788461538461538,1.7307692307692308
