n_week_ahead,MSE,MAE
8,19.740384615384617,2.394230769230769
