n_week_ahead,MSE,MAE
3,11.134615384615385,1.5769230769230769
