n_week_ahead,MSE,MAE
12,10.278846153846153,1.7019230769230769
