n_week_ahead,MSE,MAE
2,46.65384615384615,3.0961538461538463
