n_week_ahead,MSE,MAE
3,67.86538461538461,3.5384615384615383
