n_week_ahead,MSE,MAE
4,75.51923076923077,3.6538461538461537
