n_week_ahead,MSE,MAE
8,93.23076923076923,5.730769230769231
