n_week_ahead,MSE,MAE
4,57.88461538461539,4.326923076923077
