n_week_ahead,MSE,MAE
12,84.82692307692308,4.576923076923077
