n_week_ahead,MSE,MAE
1,26.634615384615383,2.673076923076923
