n_week_ahead,MSE,MAE
3,61.84615384615385,4.173076923076923
