n_week_ahead,MSE,MAE
12,9.913461538461538,1.9711538461538463
