n_week_ahead,MSE,MAE
3,13.51923076923077,1.5961538461538463
