n_week_ahead,MSE,MAE
1,9.221153846153847,1.1826923076923077
