n_week_ahead,MSE,MAE
2,7.0673076923076925,1.1057692307692308
