n_week_ahead,MSE,MAE
4,17.365384615384617,1.9230769230769231
