n_week_ahead,MSE,MAE
8,14.028846153846153,2.048076923076923
