n_week_ahead,MSE,MAE
4,11.182692307692308,1.7403846153846154
