n_week_ahead,MSE,MAE
1,8.836538461538462,1.4519230769230769
