n_week_ahead,MSE,MAE
8,2277.355769230769,24.35576923076923
