n_week_ahead,MSE,MAE
2,1734.2596153846155,20.35576923076923
