n_week_ahead,MSE,MAE
1,1675.5673076923076,18.89423076923077
