n_week_ahead,MSE,MAE
4,1926.1538461538462,22.442307692307693
