n_week_ahead,MSE,MAE
4,72.49038461538461,4.298076923076923
