n_week_ahead,MSE,MAE
8,87.45192307692308,5.528846153846154
