n_week_ahead,MSE,MAE
2,59.47115384615385,3.4711538461538463
