n_week_ahead,MSE,MAE
3,60.41346153846154,3.7403846153846154
