n_week_ahead,MSE,MAE
1,25.509615384615383,2.5096153846153846
