n_week_ahead,MSE,MAE
8,22.173076923076923,2.1923076923076925
