n_week_ahead,MSE,MAE
2,12.913461538461538,1.5865384615384615
