n_week_ahead,MSE,MAE
12,23.60576923076923,2.3365384615384617
