n_week_ahead,MSE,MAE
1,79.20192307692308,4.605769230769231
