n_week_ahead,MSE,MAE
12,215.16346153846155,6.971153846153846
