n_week_ahead,MSE,MAE
3,127.17307692307692,5.384615384615385
