n_week_ahead,MSE,MAE
4,183.6346153846154,6.269230769230769
