n_week_ahead,MSE,MAE
1,23.278846153846153,2.701923076923077
