n_week_ahead,MSE,MAE
8,72.0673076923077,4.5673076923076925
