n_week_ahead,MSE,MAE
2,29.41346153846154,2.894230769230769
