n_week_ahead,MSE,MAE
4,44.30769230769231,3.923076923076923
