n_week_ahead,MSE,MAE
3,39.98076923076923,3.7115384615384617
