n_week_ahead,MSE,MAE
12,77.84615384615384,4.846153846153846
