n_week_ahead,MSE,MAE
3,18.701923076923077,2.2596153846153846
