n_week_ahead,MSE,MAE
2,15.836538461538462,2.105769230769231
