n_week_ahead,MSE,MAE
1,16.490384615384617,2.1826923076923075
