n_week_ahead,MSE,MAE
8,22.317307692307693,2.4134615384615383
