n_week_ahead,MSE,MAE
12,24.826923076923077,2.673076923076923
