n_week_ahead,MSE,MAE
8,42.93269230769231,3.201923076923077
