n_week_ahead,MSE,MAE
12,48.20192307692308,3.5096153846153846
