n_week_ahead,MSE,MAE
1,16.682692307692307,1.9326923076923077
