n_week_ahead,MSE,MAE
3,24.89423076923077,2.3365384615384617
