n_week_ahead,MSE,MAE
2,20.73076923076923,2.173076923076923
