n_week_ahead,MSE,MAE
3,20.01923076923077,2.7884615384615383
