n_week_ahead,MSE,MAE
12,61.92307692307692,5.634615384615385
