n_week_ahead,MSE,MAE
4,24.51923076923077,3.173076923076923
