n_week_ahead,MSE,MAE
8,50.51923076923077,4.384615384615385
