n_week_ahead,MSE,MAE
1,6.0576923076923075,1.7115384615384615
