n_week_ahead,MSE,MAE
2,9.60576923076923,2.201923076923077
