n_week_ahead,MSE,MAE
8,154.07692307692307,8.038461538461538
