n_week_ahead,MSE,MAE
4,172.81730769230768,6.740384615384615
