n_week_ahead,MSE,MAE
3,169.3846153846154,5.846153846153846
