n_week_ahead,MSE,MAE
2,120.67307692307692,4.769230769230769
