n_week_ahead,MSE,MAE
12,32.45192307692308,3.5288461538461537
