n_week_ahead,MSE,MAE
2,15.048076923076923,2.2403846153846154
