n_week_ahead,MSE,MAE
3,15.923076923076923,2.076923076923077
