n_week_ahead,MSE,MAE
1,6.826923076923077,1.3076923076923077
