n_week_ahead,MSE,MAE
8,124.52884615384616,5.144230769230769
