n_week_ahead,MSE,MAE
4,20.442307692307693,2.423076923076923
