n_week_ahead,MSE,MAE
8,13.73076923076923,2.0384615384615383
