n_week_ahead,MSE,MAE
4,16.35576923076923,1.9519230769230769
