n_week_ahead,MSE,MAE
2,15.596153846153847,1.8269230769230769
