n_week_ahead,MSE,MAE
3,21.08653846153846,2.0673076923076925
