n_week_ahead,MSE,MAE
1,11.192307692307692,1.7115384615384615
