n_week_ahead,MSE,MAE
12,11.76923076923077,1.8653846153846154
