n_week_ahead,MSE,MAE
3,33.07692307692308,3.173076923076923
