n_week_ahead,MSE,MAE
2,20.96153846153846,2.480769230769231
