n_week_ahead,MSE,MAE
4,48.79807692307692,3.8173076923076925
