n_week_ahead,MSE,MAE
8,61.59615384615385,4.634615384615385
