n_week_ahead,MSE,MAE
1,17.153846153846153,2.326923076923077
