n_week_ahead,MSE,MAE
12,49.27884615384615,4.701923076923077
