n_week_ahead,MSE,MAE
2,2.2596153846153846,0.6442307692307693
