n_week_ahead,MSE,MAE
12,2.2403846153846154,0.7211538461538461
