n_week_ahead,MSE,MAE
8,2.1826923076923075,0.7980769230769231
