n_week_ahead,MSE,MAE
3,2.230769230769231,0.6346153846153846
