n_week_ahead,MSE,MAE
4,2.298076923076923,0.7211538461538461
