n_week_ahead,MSE,MAE
4,88.8173076923077,4.240384615384615
