n_week_ahead,MSE,MAE
8,116.82692307692308,4.615384615384615
