n_week_ahead,MSE,MAE
2,100.09615384615384,4.365384615384615
