n_week_ahead,MSE,MAE
1,65.65384615384616,3.6923076923076925
