n_week_ahead,MSE,MAE
2,8.634615384615385,1.5961538461538463
