n_week_ahead,MSE,MAE
12,10.807692307692308,2.0384615384615383
