n_week_ahead,MSE,MAE
4,10.038461538461538,1.9615384615384615
