n_week_ahead,MSE,MAE
3,10.298076923076923,1.7019230769230769
