n_week_ahead,MSE,MAE
8,11.673076923076923,2.173076923076923
