n_week_ahead,MSE,MAE
1,6.778846153846154,1.3365384615384615
