n_week_ahead,MSE,MAE
4,8.326923076923077,1.7307692307692308
