n_week_ahead,MSE,MAE
12,9.365384615384615,2.076923076923077
