n_week_ahead,MSE,MAE
8,9.336538461538462,1.9903846153846154
