n_week_ahead,MSE,MAE
3,9.384615384615385,1.8076923076923077
