n_week_ahead,MSE,MAE
1,7.634615384615385,1.6730769230769231
