n_week_ahead,MSE,MAE
2,7.730769230769231,1.6923076923076923
