n_week_ahead,MSE,MAE
12,19.067307692307693,2.5288461538461537
