n_week_ahead,MSE,MAE
8,19.259615384615383,2.5288461538461537
