n_week_ahead,MSE,MAE
3,14.221153846153847,2.1634615384615383
