n_week_ahead,MSE,MAE
2,14.317307692307692,2.355769230769231
