n_week_ahead,MSE,MAE
4,16.153846153846153,2.3846153846153846
