n_week_ahead,MSE,MAE
4,197.09615384615384,5.730769230769231
