n_week_ahead,MSE,MAE
12,280.49038461538464,7.394230769230769
