n_week_ahead,MSE,MAE
2,160.8846153846154,4.980769230769231
