n_week_ahead,MSE,MAE
8,264.84615384615387,6.9423076923076925
