n_week_ahead,MSE,MAE
1,148.70192307692307,4.778846153846154
