n_week_ahead,MSE,MAE
3,182.97115384615384,5.451923076923077
