n_week_ahead,MSE,MAE
2,6.1923076923076925,1.5192307692307692
