n_week_ahead,MSE,MAE
8,10.451923076923077,1.9711538461538463
