n_week_ahead,MSE,MAE
3,6.076923076923077,1.4807692307692308
