n_week_ahead,MSE,MAE
1,5.6826923076923075,1.5288461538461537
