n_week_ahead,MSE,MAE
12,11.509615384615385,2.105769230769231
