n_week_ahead,MSE,MAE
12,17.298076923076923,1.7980769230769231
