n_week_ahead,MSE,MAE
3,12.307692307692308,1.5576923076923077
