n_week_ahead,MSE,MAE
2,10.451923076923077,1.3173076923076923
