n_week_ahead,MSE,MAE
1,11.586538461538462,1.5096153846153846
