n_week_ahead,MSE,MAE
2,46.68269230769231,3.6634615384615383
