n_week_ahead,MSE,MAE
12,41.41346153846154,3.5673076923076925
