n_week_ahead,MSE,MAE
8,46.15384615384615,3.769230769230769
