n_week_ahead,MSE,MAE
1,25.423076923076923,2.8846153846153846
