n_week_ahead,MSE,MAE
3,33.86538461538461,3.519230769230769
