n_week_ahead,MSE,MAE
12,6.711538461538462,1.9230769230769231
