n_week_ahead,MSE,MAE
4,5.740384615384615,1.3173076923076923
