n_week_ahead,MSE,MAE
1,4.730769230769231,1.1153846153846154
