n_week_ahead,MSE,MAE
3,5.423076923076923,1.2884615384615385
