n_week_ahead,MSE,MAE
8,6.740384615384615,1.6442307692307692
