n_week_ahead,MSE,MAE
12,22.64423076923077,2.0096153846153846
