n_week_ahead,MSE,MAE
3,19.846153846153847,1.5961538461538463
