n_week_ahead,MSE,MAE
2,18.21153846153846,1.4615384615384615
