n_week_ahead,MSE,MAE
8,23.028846153846153,2.0865384615384617
