n_week_ahead,MSE,MAE
4,21.58653846153846,1.7211538461538463
