n_week_ahead,MSE,MAE
1,19.942307692307693,1.6730769230769231
