n_week_ahead,MSE,MAE
1,11.038461538461538,1.9038461538461537
