n_week_ahead,MSE,MAE
8,24.451923076923077,2.8173076923076925
