n_week_ahead,MSE,MAE
2,14.096153846153847,2.076923076923077
