n_week_ahead,MSE,MAE
12,25.01923076923077,2.730769230769231
